district_code,district_name,mandal_code,mandal_name
14_1,MAHABUBNAGAR,01,ADDAKAL
14_1,MAHABUBNAGAR,02,BALANGAR
14_1,MAHABUBNAGAR,03,BHOOTHPUR
14_1,MAHABUBNAGAR,04,CHINNA CHINTHA KUNTA
14_1,MAHABUBNAGAR,06,DEVARKADARA
14_1,MAHABUBNAGAR,08,GANDEED
14_1,MAHABUBNAGAR,09,HANWADA
14_1,MAHABUBNAGAR,10,JADCHERLA
14_1,MAHABUBNAGAR,11,KOILKONDA
14_1,MAHABUBNAGAR,27,KOUKUNTLA
14_1,MAHABUBNAGAR,16,MAHABUBANAGAR (URBAN)
14_1,MAHABUBNAGAR,17,MAHABUBNAGAR RURAL
14_1,MAHABUBNAGAR,20,MIDJIL
14_1,MAHABUBNAGAR,26,MOHAMMADABAD
14_1,MAHABUBNAGAR,21,MOOSAPET
14_1,MAHABUBNAGAR,24,NAWABPET
14_1,MAHABUBNAGAR,25,RAJAPUR
14_2,JOGULAMBA GADWAL,01,ALAMPUR
14_2,JOGULAMBA GADWAL,02,DHAROOR
14_2,JOGULAMBA GADWAL,03,GADWAL
14_2,JOGULAMBA GADWAL,04,GHATTU
14_2,JOGULAMBA GADWAL,05,IEEJA
14_2,JOGULAMBA GADWAL,06,ITIKYALA
14_2,JOGULAMBA GADWAL,07,KALOOR TIMMANADODDI
14_2,JOGULAMBA GADWAL,08,MALDAKAL
14_2,JOGULAMBA GADWAL,09,MANOPAD
14_2,JOGULAMBA GADWAL,10,RAJOLI
14_2,JOGULAMBA GADWAL,11,UNDAVELLY
14_2,JOGULAMBA GADWAL,12,WADDEPALLE
14_2,JOGULAMBA GADWAL,13,YERRAVALLI
14_3,NAGARKURNOOL,01,ACHAMPET
14_3,NAGARKURNOOL,02,AMRABAD
14_3,NAGARKURNOOL,03,BALMOOR
14_3,NAGARKURNOOL,04,BIJINAPALLY
14_3,NAGARKURNOOL,05,CHARAKONDA
14_3,NAGARKURNOOL,06,KALWAKURTHY
14_3,NAGARKURNOOL,07,KODAIR
14_3,NAGARKURNOOL,08,KOLLAPUR
14_3,NAGARKURNOOL,09,LINGAL
14_3,NAGARKURNOOL,10,NAGARKURNOOL
14_3,NAGARKURNOOL,11,PADARA
14_3,NAGARKURNOOL,12,PEDDAKOTHAPALLE
14_3,NAGARKURNOOL,13,PENTLAVELLI
14_3,NAGARKURNOOL,14,TADOOR
14_3,NAGARKURNOOL,15,TELKAPALLY
14_3,NAGARKURNOOL,16,THIMMAJILPET
14_3,NAGARKURNOOL,17,UPPUNUNTHALA
14_3,NAGARKURNOOL,18,URKONDA
14_3,NAGARKURNOOL,19,VANGOOR
14_3,NAGARKURNOOL,20,VELDANDA
14_4,WANAPARTHY,01,AMARCHINTHA
14_4,WANAPARTHY,02,ATMAKUR
14_4,WANAPARTHY,03,CHINNAMBAVI
14_4,WANAPARTHY,04,GHANPUR
14_4,WANAPARTHY,05,GOPALPET
14_4,WANAPARTHY,06,KOTHAKOTA
14_4,WANAPARTHY,07,MADANAPUR
14_4,WANAPARTHY,08,PANGAL
14_4,WANAPARTHY,09,PEBBAIR
14_4,WANAPARTHY,10,PEDDAMANDADI
14_4,WANAPARTHY,11,REVALLY
14_4,WANAPARTHY,12,SRIRANGAPUR
14_4,WANAPARTHY,13,WANAPARTHY
14_4,WANAPARTHY,14,WEEPANAGANDLA
14_4,WANAPARTHY,15,YEDULA
14_5,NARAYANPET,05,DAMARAGIDDA
14_5,NARAYANPET,07,DHANWADA
14_5,NARAYANPET,28,GUNDUMAL
14_5,NARAYANPET,12,KOSGI
14_5,NARAYANPET,29,KOTHAPLLE
14_5,NARAYANPET,13,KRISHNA
14_5,NARAYANPET,14,MADDUR
14_5,NARAYANPET,15,MAGANOOR
14_5,NARAYANPET,18,MAKTHAL
14_5,NARAYANPET,19,MARIKAL
14_5,NARAYANPET,22,NARAYANPET
14_5,NARAYANPET,23,NARWA
14_5,NARAYANPET,26,UTKOOR
15_1,RANGAREDDY,01,ABDULLAPURMET
15_1,RANGAREDDY,02,AMANGAL
15_1,RANGAREDDY,03,BALAPUR
15_1,RANGAREDDY,04,CHEVELLA
15_1,RANGAREDDY,05,CHOWDERGUDEM
15_1,RANGAREDDY,06,FAROOQNAGAR
15_1,RANGAREDDY,07,GANDIPET
15_1,RANGAREDDY,08,HAYATHNAGAR
15_1,RANGAREDDY,09,IBRAHIMPATNAM
15_1,RANGAREDDY,10,KADTHAL
15_1,RANGAREDDY,11,KANDUKUR
15_1,RANGAREDDY,12,KESHAMPETA
15_1,RANGAREDDY,13,KONDURG
15_1,RANGAREDDY,14,KOTHUR
15_1,RANGAREDDY,15,MADGUL
15_1,RANGAREDDY,16,MAHESHWARAM
15_1,RANGAREDDY,17,MANCHAL
15_1,RANGAREDDY,18,MOINABAD
15_1,RANGAREDDY,19,NANDIGAMA
15_1,RANGAREDDY,20,RAJENDRANAGAR
15_1,RANGAREDDY,21,SAROORNAGAR
15_1,RANGAREDDY,22,SHABAD
15_1,RANGAREDDY,23,SHAMSHABAD
15_1,RANGAREDDY,24,SHANKARPALLE
15_1,RANGAREDDY,25,SRILINGAMPALLE
15_1,RANGAREDDY,26,TALAKONDAPALLY
15_1,RANGAREDDY,27,YACHARAM
15_2,MEDCHAL-MALKAJGIRI,01,ALWAL
15_2,MEDCHAL-MALKAJGIRI,02,BACHUPALLY
15_2,MEDCHAL-MALKAJGIRI,03,BALANAGAR
15_2,MEDCHAL-MALKAJGIRI,04,DUNDIGAL GANDIMAISAMMA
15_2,MEDCHAL-MALKAJGIRI,05,GHATKESAR
15_2,MEDCHAL-MALKAJGIRI,06,KAPRA
15_2,MEDCHAL-MALKAJGIRI,07,KEESARA
15_2,MEDCHAL-MALKAJGIRI,08,KUKATPALLY
15_2,MEDCHAL-MALKAJGIRI,09,MALKAJGIRI
15_2,MEDCHAL-MALKAJGIRI,10,MEDCHAL
15_2,MEDCHAL-MALKAJGIRI,11,MEDIPALLY
15_2,MEDCHAL-MALKAJGIRI,15,MOODUCHINTALAPALLE
15_2,MEDCHAL-MALKAJGIRI,12,QUTHBULLAPUR
15_2,MEDCHAL-MALKAJGIRI,13,SHAMIRPET
15_2,MEDCHAL-MALKAJGIRI,14,UPPAL
15_3,VIKARABAD,01,BANTWARAM
15_3,VIKARABAD,02,BASHEERABAD
15_3,VIKARABAD,03,BOMRASPET
15_3,VIKARABAD,19,CHOWDAPUR
15_3,VIKARABAD,04,DHARUR
15_3,VIKARABAD,05,DOMA
15_3,VIKARABAD,06,DOULATABAD
15_3,VIKARABAD,20,DUDYAL
15_3,VIKARABAD,07,KODANGAL
15_3,VIKARABAD,08,KOTEPALLY
15_3,VIKARABAD,09,KULKACHARLA
15_3,VIKARABAD,10,MARPALLE
15_3,VIKARABAD,11,MOMINPET
15_3,VIKARABAD,12,NAWABPET
15_3,VIKARABAD,13,PARGI
15_3,VIKARABAD,14,PEDDEMUL
15_3,VIKARABAD,15,PUDUR
15_3,VIKARABAD,16,TANDUR
15_3,VIKARABAD,17,VIKARABAD
15_3,VIKARABAD,18,YELAL
16_1,HYDERABAD,00,HYDERABAD
17_1,MEDAK,01,ALLADURG
17_1,MEDAK,02,CHEGUNTA
17_1,MEDAK,03,CHILIPCHED
17_1,MEDAK,04,HAVELI GHANPUR
17_1,MEDAK,05,KOWDIPALLE
17_1,MEDAK,06,KULCHARAM
17_1,MEDAK,07,MANOHARABAD
17_1,MEDAK,21,MASAIPET
17_1,MEDAK,08,MEDAK
17_1,MEDAK,09,NARSAPUR
17_1,MEDAK,10,NARSINGI
17_1,MEDAK,11,NIZAMPET
17_1,MEDAK,12,PAPANNAPET
17_1,MEDAK,13,RAMAYAMPET
17_1,MEDAK,14,REGODE
17_1,MEDAK,15,SHANKARAMPET(A)
17_1,MEDAK,16,SHANKARAMPET(R)
17_1,MEDAK,17,SHIVAMPET
17_1,MEDAK,18,TEKMAL
17_1,MEDAK,19,TOOPRAN
17_1,MEDAK,20,YELDURTHY
17_2,SANGAREDDY,01,AMEENPUR
17_2,SANGAREDDY,02,ANDOLE
17_2,SANGAREDDY,27,CHOWTAKUR
17_2,SANGAREDDY,03,GUMMADIDALA
17_2,SANGAREDDY,04,HATHNOOR
17_2,SANGAREDDY,05,JHARASANGAM
17_2,SANGAREDDY,06,JINNARAM
17_2,SANGAREDDY,07,KALHER
17_2,SANGAREDDY,08,KANDI
17_2,SANGAREDDY,09,KANGTI
17_2,SANGAREDDY,10,KOHIR
17_2,SANGAREDDY,11,KONDAPUR
17_2,SANGAREDDY,12,MANOOR
17_2,SANGAREDDY,13,MOGUDAMPALLY
17_2,SANGAREDDY,14,MUNIPALLY
17_2,SANGAREDDY,15,NAGALGIDDA
17_2,SANGAREDDY,16,NARAYANKHED
17_2,SANGAREDDY,28,NIZAMPET
17_2,SANGAREDDY,17,NYALKAL
17_2,SANGAREDDY,18,PATANCHERU
17_2,SANGAREDDY,19,PULKAL
17_2,SANGAREDDY,20,RAIKODE
17_2,SANGAREDDY,21,RAMACHANDRAPURAM
17_2,SANGAREDDY,22,SADASIVPET
17_2,SANGAREDDY,23,SANGAREDDY
17_2,SANGAREDDY,24,SIRGAPOOR
17_2,SANGAREDDY,25,VATPALLY
17_2,SANGAREDDY,26,ZAHIRABAD
17_3,SIDDIPET,24,AKBARPET-BHOOMPALLY
17_3,SIDDIPET,01,AKKANNAPET
17_3,SIDDIPET,02,BEJJANKI
17_3,SIDDIPET,03,CHERIAL
17_3,SIDDIPET,04,CHINNAKODUR
17_3,SIDDIPET,25,DHOOLMITTA
17_3,SIDDIPET,05,DOULTABAD
17_3,SIDDIPET,06,DUBBAK
17_3,SIDDIPET,07,GAJWEL
17_3,SIDDIPET,08,HUSNABAD
17_3,SIDDIPET,09,JAGDEVPUR
17_3,SIDDIPET,10,KOHEDA
17_3,SIDDIPET,11,KOMURAVELLI
17_3,SIDDIPET,12,KONDAPAK
17_3,SIDDIPET,29,KUKUNOORPALLY
17_3,SIDDIPET,13,MADDUR
17_3,SIDDIPET,14,MARKOOK
17_3,SIDDIPET,15,MIRDODDI
17_3,SIDDIPET,16,MULUGU
17_3,SIDDIPET,17,NANGANOOR
17_3,SIDDIPET,23,NARAYANRAOPET
17_3,SIDDIPET,18,RAIPOLE
17_3,SIDDIPET,19,SIDDIPET (URBAN)
17_3,SIDDIPET,20,SIDDIPET RURAL
17_3,SIDDIPET,21,THOGUTA
17_3,SIDDIPET,22,WARGAL
18_1,NIZAMABAD,31,ALOOR
18_1,NIZAMABAD,01,ARMOOR
18_1,NIZAMABAD,02,BALKONDA
18_1,NIZAMABAD,03,BHEEMGAL
18_1,NIZAMABAD,04,BODHAN
18_1,NIZAMABAD,29,CHANDUR
18_1,NIZAMABAD,05,DHARPALLY
18_1,NIZAMABAD,06,DICHPALLY
18_1,NIZAMABAD,32,DONKESHWAR
18_1,NIZAMABAD,07,INDALWAI
18_1,NIZAMABAD,08,JAKRANPALLE
18_1,NIZAMABAD,09,KAMMARPALLY
18_1,NIZAMABAD,10,KOTAGIRI
18_1,NIZAMABAD,11,MAKLOOR
18_1,NIZAMABAD,12,MENDORA
18_1,NIZAMABAD,13,MORTHAD
18_1,NIZAMABAD,28,MOSRA
18_1,NIZAMABAD,14,MUGPAL
18_1,NIZAMABAD,15,MUPKAL
18_1,NIZAMABAD,16,NANDIPET
18_1,NIZAMABAD,17,NAVIPET
18_1,NIZAMABAD,18,NIZAMABAD NORTH
18_1,NIZAMABAD,19,NIZAMABAD RURAL
18_1,NIZAMABAD,20,NIZAMABAD SOUTH
18_1,NIZAMABAD,30,POTHANGAL
18_1,NIZAMABAD,21,RENJAL
18_1,NIZAMABAD,22,RUDRUR
18_1,NIZAMABAD,33,SALOORA
18_1,NIZAMABAD,23,SIRKONDA
18_1,NIZAMABAD,24,VAILPOOR
18_1,NIZAMABAD,25,VARNI
18_1,NIZAMABAD,26,YEDAPALLY
18_1,NIZAMABAD,27,YERGATLA
18_2,KAMAREDDY,01,BANSWADA
18_2,KAMAREDDY,02,BHIKNOOR
18_2,KAMAREDDY,03,BIBIPET
18_2,KAMAREDDY,04,BICHKUNDA
18_2,KAMAREDDY,05,BIRKUR
18_2,KAMAREDDY,06,DOMAKONDA
18_2,KAMAREDDY,24,DONGLI
18_2,KAMAREDDY,07,GANDHARI
18_2,KAMAREDDY,08,JUKKAL
18_2,KAMAREDDY,09,KAMAREDDY
18_2,KAMAREDDY,10,LINGAMPET
18_2,KAMAREDDY,11,MACHAREDDY
18_2,KAMAREDDY,12,MADNOOR
18_2,KAMAREDDY,25,MOHAMMADNAGAR
18_2,KAMAREDDY,13,NAGIREDDYPET
18_2,KAMAREDDY,14,NASRULLABAD
18_2,KAMAREDDY,15,NIZAMSAGAR
18_2,KAMAREDDY,23,PALVANCHA
18_2,KAMAREDDY,16,PEDDA KODAPGAL
18_2,KAMAREDDY,17,PITLAM
18_2,KAMAREDDY,18,RAJAMPET
18_2,KAMAREDDY,19,RAMAREDDY
18_2,KAMAREDDY,20,SADASIVANAGAR
18_2,KAMAREDDY,21,TADWAI
18_2,KAMAREDDY,22,YELLAREDDY
19_1,ADILABAD,01,ADILABAD (RURAL)
19_1,ADILABAD,02,ADILABAD (URBAN)
19_1,ADILABAD,03,BAZARHATHNOOR
19_1,ADILABAD,04,BELA
19_1,ADILABAD,05,BHEEMPUR
19_1,ADILABAD,21,BHORAJ
19_1,ADILABAD,06,BOATH
19_1,ADILABAD,07,GADIGUDA
19_1,ADILABAD,08,GUDIHATNOOR
19_1,ADILABAD,09,ICHODA
19_1,ADILABAD,10,INDERAVELLY
19_1,ADILABAD,11,JAINAD
19_1,ADILABAD,12,MAVALA
19_1,ADILABAD,13,NARNOOR
19_1,ADILABAD,14,NERADIGONDA
19_1,ADILABAD,20,SATHNALA
19_1,ADILABAD,15,SIRIKONDA
19_1,ADILABAD,19,SONALA
19_1,ADILABAD,16,TALAMADUGU
19_1,ADILABAD,17,TAMSI
19_1,ADILABAD,18,UTNUR
19_2,NIRMAL,01,BASAR
19_2,NIRMAL,02,BHAINSA
19_2,NIRMAL,03,DASTURABAD
19_2,NIRMAL,04,DILAWARPUR
19_2,NIRMAL,05,KADDAM
19_2,NIRMAL,06,KHANAPUR
19_2,NIRMAL,07,KUBEER
19_2,NIRMAL,08,KUNTALA
19_2,NIRMAL,09,LAXMANCHANDA
19_2,NIRMAL,10,LOKESHWARAM
19_2,NIRMAL,11,MAMADA
19_2,NIRMAL,12,MUDHOLE
19_2,NIRMAL,13,NARSAPUR (G)
19_2,NIRMAL,14,NIRMAL
19_2,NIRMAL,15,NIRMAL RURAL
19_2,NIRMAL,16,PEMBI
19_2,NIRMAL,17,SARANGAPUR
19_2,NIRMAL,18,SOAN
19_2,NIRMAL,19,TANUR
19_3,MANCHERIAL,01,BELLAMPALLE
19_3,MANCHERIAL,02,BHEEMARAM
19_3,MANCHERIAL,03,BHEEMINI
19_3,MANCHERIAL,04,CHENNUR
19_3,MANCHERIAL,05,DANDEPALLE
19_3,MANCHERIAL,06,HAJIPUR
19_3,MANCHERIAL,07,JAIPUR
19_3,MANCHERIAL,08,JANNARAM
19_3,MANCHERIAL,09,KANNEPALLI
19_3,MANCHERIAL,10,KASIPET
19_3,MANCHERIAL,11,KOTAPALLE
19_3,MANCHERIAL,12,LUXETTIPET
19_3,MANCHERIAL,13,MANCHERIAL
19_3,MANCHERIAL,14,MANDAMARRI
19_3,MANCHERIAL,15,NASPUR
19_3,MANCHERIAL,16,NENNEL
19_3,MANCHERIAL,17,TANDUR
19_3,MANCHERIAL,18,VEMANPALLE
19_4,KOMARAM BHEEM ASIFABAD,01,ASIFABAD
19_4,KOMARAM BHEEM ASIFABAD,02,BEJJUR
19_4,KOMARAM BHEEM ASIFABAD,03,CHINTALA MANEPALLY
19_4,KOMARAM BHEEM ASIFABAD,04,DAHEGAON
19_4,KOMARAM BHEEM ASIFABAD,05,JAINOOR
19_4,KOMARAM BHEEM ASIFABAD,06,KAGAZ NAGAR
19_4,KOMARAM BHEEM ASIFABAD,07,KERAMERI
19_4,KOMARAM BHEEM ASIFABAD,08,KOUTHALA
19_4,KOMARAM BHEEM ASIFABAD,09,LINGAPUR
19_4,KOMARAM BHEEM ASIFABAD,10,PENCHIKALPET
19_4,KOMARAM BHEEM ASIFABAD,11,REBBANA
19_4,KOMARAM BHEEM ASIFABAD,12,SIRPUR (T)
19_4,KOMARAM BHEEM ASIFABAD,13,SIRPUR (U)
19_4,KOMARAM BHEEM ASIFABAD,14,TIRYANI
19_4,KOMARAM BHEEM ASIFABAD,15,WANKDI
20_1,KARIMNAGAR,01,CHIGURUMAMIDI
20_1,KARIMNAGAR,02,CHOPPADANDI
20_1,KARIMNAGAR,03,ELLANDAKUNTA
20_1,KARIMNAGAR,04,GANGADHARA
20_1,KARIMNAGAR,05,GANNERUVARAM
20_1,KARIMNAGAR,06,HUZURABAD
20_1,KARIMNAGAR,07,JAMMIKUNTA
20_1,KARIMNAGAR,08,KARIMNAGAR
20_1,KARIMNAGAR,09,KARIMNAGAR RURAL
20_1,KARIMNAGAR,10,KOTHAPALLI
20_1,KARIMNAGAR,11,MANAKONDUR
20_1,KARIMNAGAR,12,RAMADUGU
20_1,KARIMNAGAR,13,SHANKARAPATNAM
20_1,KARIMNAGAR,14,THIMMAPUR
20_1,KARIMNAGAR,15,V.SAIDAPUR
20_1,KARIMNAGAR,16,VEENAVANKA
20_2,JAGTIAL,01,BEERPUR
20_2,JAGTIAL,19,BHEEMARAM
20_2,JAGTIAL,02,BUGGARAM
20_2,JAGTIAL,03,DHARMAPURI
20_2,JAGTIAL,20,ENDAPALLI
20_2,JAGTIAL,04,GOLLAPALLE
20_2,JAGTIAL,05,IBRAHIMPATNAM
20_2,JAGTIAL,06,JAGTIAL
20_2,JAGTIAL,07,JAGTIAL RURAL
20_2,JAGTIAL,08,KODIMIAL
20_2,JAGTIAL,09,KORATLA
20_2,JAGTIAL,10,KOTHLAPUR
20_2,JAGTIAL,11,MALLAPUR
20_2,JAGTIAL,12,MALLIAL
20_2,JAGTIAL,13,MEDIPALLE
20_2,JAGTIAL,14,METPALLE
20_2,JAGTIAL,15,PEGADAPALLE
20_2,JAGTIAL,16,RAIKAL
20_2,JAGTIAL,17,SARANGAPUR
20_2,JAGTIAL,18,VELGATOOR
20_3,RAJANNA SIRCILLA,01,BOINPALLE
20_3,RAJANNA SIRCILLA,02,CHANDURTHI
20_3,RAJANNA SIRCILLA,03,GAMBHIRAOPET
20_3,RAJANNA SIRCILLA,04,ILLANTHAKUNTA
20_3,RAJANNA SIRCILLA,05,KONARAOPETA
20_3,RAJANNA SIRCILLA,06,MUSTABAD
20_3,RAJANNA SIRCILLA,07,RUDRANGI
20_3,RAJANNA SIRCILLA,08,SIRSILLA
20_3,RAJANNA SIRCILLA,09,THANGALLAPALLI
20_3,RAJANNA SIRCILLA,10,VEERNAPALLI
20_3,RAJANNA SIRCILLA,11,VEMULAWADA
20_3,RAJANNA SIRCILLA,12,VEMULAWADA RURAL
20_3,RAJANNA SIRCILLA,13,YELLA REDDI PETA
20_4,PEDDAPALLI,01,ANTHERGAON
20_4,PEDDAPALLI,02,DHARMARAM
20_4,PEDDAPALLI,03,ELIGAID
20_4,PEDDAPALLI,04,JULAPALLE
20_4,PEDDAPALLI,05,KAMANPUR
20_4,PEDDAPALLI,06,MANTHANI
20_4,PEDDAPALLI,07,MUTHARAM MANTHANI
20_4,PEDDAPALLI,08,ODELA
20_4,PEDDAPALLI,09,PALAKURTHY
20_4,PEDDAPALLI,10,PEDDAPALLE
20_4,PEDDAPALLI,11,RAMAGIRI
20_4,PEDDAPALLI,12,RAMAGUNDAM
20_4,PEDDAPALLI,13,SRIRAMPUR
20_4,PEDDAPALLI,14,SULTANABAD
21_1,HANUMAKONDA,01,ATMAKUR
21_1,HANUMAKONDA,19,BHEEMADEVARPALLE
21_1,HANUMAKONDA,17,DAMERA
21_1,HANUMAKONDA,02,DHARMASAGAR
21_1,HANUMAKONDA,03,ELKATHURTHI
21_1,HANUMAKONDA,04,HANAMKONDA
21_1,HANUMAKONDA,05,HASANPARTHY
21_1,HANUMAKONDA,06,INAVOLU
21_1,HANUMAKONDA,07,KAMALAPUR
21_1,HANUMAKONDA,08,KHAZIPET
21_1,HANUMAKONDA,16,NADIKUDA
21_1,HANUMAKONDA,10,PARKAL
21_1,HANUMAKONDA,14,SHAYAMPET
21_1,HANUMAKONDA,18,VELAIR
21_2,WARANGAL,02,CHENNARAOPET
21_2,WARANGAL,04,DUGGONDI
21_2,WARANGAL,05,GEESUGONDA
21_2,WARANGAL,06,KHANAPUR
21_2,WARANGAL,09,KHILA WARANGAL
21_2,WARANGAL,07,NALLABELLY
21_2,WARANGAL,08,NARSAMPET
21_2,WARANGAL,16,NEKKONDA
21_2,WARANGAL,17,PARVATHAGIRI
21_2,WARANGAL,12,RAIPARTHY
21_2,WARANGAL,13,SANGEM
21_2,WARANGAL,11,WARANGAL
21_2,WARANGAL,15,WARDHANNAPET
21_3,JANGAON,01,BACHANNAPETA
21_3,JANGAON,02,CHILPUR
21_3,JANGAON,03,DEVARUPPULA
21_3,JANGAON,04,GHANPUR(STN)
21_3,JANGAON,06,JANGAON
21_3,JANGAON,07,KODAKANDLA
21_3,JANGAON,08,LINGALA GHANPUR
21_3,JANGAON,09,NARMETTA
21_3,JANGAON,10,PALAKURTHI
21_3,JANGAON,11,RAGHUNATHA PALLE
21_3,JANGAON,12,THARIGOPPULA
21_3,JANGAON,13,ZAFFERGADH
21_4,JAYASHANKAR BHOOPALPALLY,01,BHUPALPALLY
21_4,JAYASHANKAR BHOOPALPALLY,02,CHITYAL
21_4,JAYASHANKAR BHOOPALPALLY,04,GHANAPUR MULUG
21_4,JAYASHANKAR BHOOPALPALLY,07,KATARAM
21_4,JAYASHANKAR BHOOPALPALLY,18,KOTHAPALLYGORI
21_4,JAYASHANKAR BHOOPALPALLY,08,MAHADEVPUR
21_4,JAYASHANKAR BHOOPALPALLY,09,MALHARRAO
21_4,JAYASHANKAR BHOOPALPALLY,11,MOGULLAPALLY
21_4,JAYASHANKAR BHOOPALPALLY,13,MUTHARAM MAHADEVPUR
21_4,JAYASHANKAR BHOOPALPALLY,14,PALIMELA
21_4,JAYASHANKAR BHOOPALPALLY,15,REGONDA
21_4,JAYASHANKAR BHOOPALPALLY,17,TEKUMATLA
21_5,MAHABUBABAD,01,BAYYARAM
21_5,MAHABUBABAD,02,CHINNAGUDUR
21_5,MAHABUBABAD,03,DANTHALAPALLE
21_5,MAHABUBABAD,04,DORNAKAL
21_5,MAHABUBABAD,05,GANGARAM
21_5,MAHABUBABAD,06,GARLA
21_5,MAHABUBABAD,07,GUDUR
21_5,MAHABUBABAD,18,INUGURTHY
21_5,MAHABUBABAD,08,KESAMUDRAM
21_5,MAHABUBABAD,09,KOTHAGUDA
21_5,MAHABUBABAD,10,KURAVI
21_5,MAHABUBABAD,11,MAHABUBABAD
21_5,MAHABUBABAD,12,MARIPEDA
21_5,MAHABUBABAD,13,NARSIMHULAPET
21_5,MAHABUBABAD,14,NELLIKUDUR
21_5,MAHABUBABAD,15,PEDDAVANGARA
21_5,MAHABUBABAD,17,SEEROLE
21_5,MAHABUBABAD,16,THORRUR
21_6,MULUGU,03,ETURNAGARAM
21_6,MULUGU,05,GOVINDARAOPET
21_6,MULUGU,06,KANNAIGUDEM
21_6,MULUGU,21,MALLAMPALLY
21_6,MULUGU,10,MANGAPET
21_6,MULUGU,12,MULUG
21_6,MULUGU,16,TADVAI (SAMMAKKA SARAKKA)
21_6,MULUGU,18,VENKATAPUR
21_6,MULUGU,19,VENKATAPURAM
21_6,MULUGU,20,WAZEED
22_1,KHAMMAM,01,BONAKAL
22_1,KHAMMAM,02,CHINTHAKANI
22_1,KHAMMAM,03,ENKURU
22_1,KHAMMAM,04,KALLURU
22_1,KHAMMAM,05,KAMEPALLE
22_1,KHAMMAM,06,KHAMMAM RURAL
22_1,KHAMMAM,07,KHAMMAM URBAN
22_1,KHAMMAM,08,KONIJERLA
22_1,KHAMMAM,09,KUSUMANCHI
22_1,KHAMMAM,10,MADHIRA
22_1,KHAMMAM,11,MUDIGONDA
22_1,KHAMMAM,12,NELAKONDAPALLE
22_1,KHAMMAM,13,PENUBALLI
22_1,KHAMMAM,14,RAGHUNADHAPALEM
22_1,KHAMMAM,15,SATHUPALLE
22_1,KHAMMAM,16,SINGARENI
22_1,KHAMMAM,17,THALLADA
22_1,KHAMMAM,18,THIRUMALAYAPALEM
22_1,KHAMMAM,19,VEMSOOR
22_1,KHAMMAM,20,WYRA
22_1,KHAMMAM,21,YERRUPALEM
22_2,BHADRADRI KOTHAGUDEM,01,ALLAPALLI
22_2,BHADRADRI KOTHAGUDEM,02,ANNAPUREDDYPALLI
22_2,BHADRADRI KOTHAGUDEM,03,ASWAPURAM
22_2,BHADRADRI KOTHAGUDEM,04,ASWARAOPETA
22_2,BHADRADRI KOTHAGUDEM,05,BHADRACHALAM
22_2,BHADRADRI KOTHAGUDEM,06,BURGAMPADU
22_2,BHADRADRI KOTHAGUDEM,07,CHANDRUGONDA
22_2,BHADRADRI KOTHAGUDEM,08,CHERLA
22_2,BHADRADRI KOTHAGUDEM,09,CHUNCHUPALLY
22_2,BHADRADRI KOTHAGUDEM,10,DAMMAPETA
22_2,BHADRADRI KOTHAGUDEM,11,DUMMAGUDEM
22_2,BHADRADRI KOTHAGUDEM,12,GUNDALA
22_2,BHADRADRI KOTHAGUDEM,13,JULURPAD
22_2,BHADRADRI KOTHAGUDEM,14,KARAKAGUDEM
22_2,BHADRADRI KOTHAGUDEM,15,KOTHAGUDEM
22_2,BHADRADRI KOTHAGUDEM,16,LAXMIDEVIPALLY
22_2,BHADRADRI KOTHAGUDEM,17,MANUGURU
22_2,BHADRADRI KOTHAGUDEM,18,MULAKALAPALLE
22_2,BHADRADRI KOTHAGUDEM,19,PALWANCHA
22_2,BHADRADRI KOTHAGUDEM,20,PINAPAKA
22_2,BHADRADRI KOTHAGUDEM,21,SUJATHANAGAR
22_2,BHADRADRI KOTHAGUDEM,22,TEKULAPALLE
22_2,BHADRADRI KOTHAGUDEM,23,YELLANDU
23_1,NALGONDA,01,ADAVIDEVULAPALLY
23_1,NALGONDA,02,ANUMULA
23_1,NALGONDA,03,CHANDAMPETA
23_1,NALGONDA,04,CHANDUR
23_1,NALGONDA,05,CHINTHA PALLE
23_1,NALGONDA,06,CHITYAL
23_1,NALGONDA,07,DAMERCHERLA
23_1,NALGONDA,08,DEVARAKONDA
23_1,NALGONDA,33,GATTUPPAL
23_1,NALGONDA,32,GUDIPALLY
23_1,NALGONDA,09,GUNDLA PALLE
23_1,NALGONDA,10,GURRAMPODE
23_1,NALGONDA,11,KANGAL
23_1,NALGONDA,12,KATTANGUR
23_1,NALGONDA,13,KETHEPALLY
23_1,NALGONDA,14,KONDA MALLEPALLY
23_1,NALGONDA,15,MADUGULAPALLY
23_1,NALGONDA,16,MARRI GUDA
23_1,NALGONDA,17,MIRYALAGUDA
23_1,NALGONDA,18,MUNUGODE
23_1,NALGONDA,19,NAKREKAL
23_1,NALGONDA,20,NALGONDA
23_1,NALGONDA,21,NAMPALLY
23_1,NALGONDA,22,NARKETPALLE
23_1,NALGONDA,23,NEREDUGOMMU
23_1,NALGONDA,24,NIDAMANUR
23_1,NALGONDA,25,PEDA ADISHARLA PALLI
23_1,NALGONDA,26,PEDDAVOORA
23_1,NALGONDA,27,SHALIGOURARAM
23_1,NALGONDA,28,TIPPARTHY
23_1,NALGONDA,29,TIRUMALAGIRI (SAGAR)
23_1,NALGONDA,30,TRIPURARAM
23_1,NALGONDA,31,VEMULAPALLY
23_2,SURYAPET,01,ANANTHAGIRI
23_2,SURYAPET,02,ATHMAKUR (S)
23_2,SURYAPET,03,CHILKUR
23_2,SURYAPET,04,CHINTHALAPALEM (MALLAREDDYGUDEM)
23_2,SURYAPET,05,CHIVVEMLA
23_2,SURYAPET,06,GARIDE PALLE
23_2,SURYAPET,07,HUZURNAGAR
23_2,SURYAPET,08,JAJIREDDY GUDEM
23_2,SURYAPET,09,KODAD
23_2,SURYAPET,10,MADDIRALA
23_2,SURYAPET,11,MATTAMPALLE
23_2,SURYAPET,12,MELLACHERUVU
23_2,SURYAPET,13,MOTHEY
23_2,SURYAPET,14,MUNAGALA
23_2,SURYAPET,15,NADIGUDEM
23_2,SURYAPET,16,NAGARAM
23_2,SURYAPET,17,NEREDUCHERLA
23_2,SURYAPET,18,NOOTHANAKAL
23_2,SURYAPET,19,PALAKEEDU
23_2,SURYAPET,20,PENPAHAD
23_2,SURYAPET,21,SURYAPET
23_2,SURYAPET,22,THIRUMALAGIRI
23_2,SURYAPET,23,THUNGATHURTHY
23_3,YADADRI BHUVANAGIRI,01,ADDAGUDUR
23_3,YADADRI BHUVANAGIRI,02,ALAIR
23_3,YADADRI BHUVANAGIRI,03,ATHMAKUR(M)
23_3,YADADRI BHUVANAGIRI,04,B.POCHAMPALLY
23_3,YADADRI BHUVANAGIRI,05,BHONGIR
23_3,YADADRI BHUVANAGIRI,06,BIBINAGAR
23_3,YADADRI BHUVANAGIRI,07,BOMMALARAMARAM
23_3,YADADRI BHUVANAGIRI,08,CHOUTUPPAL
23_3,YADADRI BHUVANAGIRI,17,GUNDALA
23_3,YADADRI BHUVANAGIRI,09,MOTAKONDUR
23_3,YADADRI BHUVANAGIRI,10,MOTHKUR
23_3,YADADRI BHUVANAGIRI,11,NARAYANAPOOR
23_3,YADADRI BHUVANAGIRI,12,RAJAPET
23_3,YADADRI BHUVANAGIRI,13,RAMANNAPETA
23_3,YADADRI BHUVANAGIRI,14,THURKAPALLY
23_3,YADADRI BHUVANAGIRI,15,VALIGONDA
23_3,YADADRI BHUVANAGIRI,16,YADAGIRIGUTTA
